AAME,NSDQ
ABAC,NSDQ
ABCD,NSDQ
ABDC,NSDQ
ABEO,NSDQ
ABIL,NSDQ
ABIO,NSDQ
ABUS,NSDQ
ACBI,NSDQ
ACER,NSDQ
ACET,NSDQ
ACFC,NSDQ
ACHN,NSDQ
ACHV,NSDQ
ACIU,NSDQ
ACMR,NSDQ
ACRS,NSDQ
ACRX,NSDQ
ACSF,NSDQ
ACST,NSDQ
ACTG,NSDQ
ADAP,NSDQ
ADES,NSDQ
ADMA,NSDQ
ADMP,NSDQ
ADOM,NSDQ
ADRO,NSDQ
ADTN,NSDQ
ADVM,NSDQ
ADXS,NSDQ
AEHR,NSDQ
AEMD,NSDQ
AETI,NSDQ
AEY,NSDQ
AEZS,NSDQ
AFH,NSDQ
AFMD,NSDQ
AFSI,NSDQ
AGEN,NSDQ
AGFS,NSDQ
AGLE,NSDQ
AGNC,NSDQ
AGRX,NSDQ
AGTC,NSDQ
AGYS,NSDQ
AHPI,NSDQ
AINV,NSDQ
AIPT,NSDQ
AIRG,NSDQ
AKAO,NSDQ
AKBA,NSDQ
AKCA,NSDQ
AKER,NSDQ
AKTS,NSDQ
AKTX,NSDQ
ALDR,NSDQ
ALDX,NSDQ
ALIM,NSDQ
ALJJ,NSDQ
ALLT,NSDQ
ALNA,NSDQ
ALOT,NSDQ
ALPN,NSDQ
ALQA,NSDQ
ALRN,NSDQ
ALSK,NSDQ
ALT,NSDQ
AMAG,NSDQ
AMBC,NSDQ
AMCN,NSDQ
AMD,NSDQ
AMDA,NSDQ
AMKR,NSDQ
AMMA,NSDQ
AMPH,NSDQ
AMRB,NSDQ
AMRH,NSDQ
AMRK,NSDQ
AMRN,NSDQ
AMRS,NSDQ
AMSC,NSDQ
AMSWA,NSDQ
AMTX,NSDQ
ANDA,NSDQ
ANGI,NSDQ
ANGO,NSDQ
ANTH,NSDQ
ANY,NSDQ
AOBC,NSDQ
AOSL,NSDQ
APDN,NSDQ
APEN,NSDQ
APLP,NSDQ
APLS,NSDQ
APOP,NSDQ
APPS,NSDQ
APRI,NSDQ
APTO,NSDQ
APVO,NSDQ
APWC,NSDQ
AQB,NSDQ
AQMS,NSDQ
AQXP,NSDQ
ARAY,NSDQ
ARCC,NSDQ
ARCI,NSDQ
ARCT,NSDQ
ARCW,NSDQ
ARDM,NSDQ
ARDX,NSDQ
AREX,NSDQ
ARGS,NSDQ
ARLP,NSDQ
ARLZ,NSDQ
ARQL,NSDQ
ARRY,NSDQ
ARTW,NSDQ
ARTX,NSDQ
ARWR,NSDQ
ASCMA,NSDQ
ASFI,NSDQ
ASNA,NSDQ
ASNS,NSDQ
ASPU,NSDQ
ASRV,NSDQ
ASTC,NSDQ
ASUR,NSDQ
ASV,NSDQ
ASYS,NSDQ
ATAC,NSDQ
ATAI,NSDQ
ATAX,NSDQ
ATEC,NSDQ
ATHX,NSDQ
ATLC,NSDQ
ATNX,NSDQ
ATOM,NSDQ
ATOS,NSDQ
ATRC,NSDQ
ATRS,NSDQ
ATTU,NSDQ
ATXI,NSDQ
AUDC,NSDQ
AUPH,NSDQ
AUTO,NSDQ
AVDL,NSDQ
AVEO,NSDQ
AVGR,NSDQ
AVHI,NSDQ
AVID,NSDQ
AVNW,NSDQ
AVXL,NSDQ
AWRE,NSDQ
AXAS,NSDQ
AXON,NSDQ
AXSM,NSDQ
AXTI,NSDQ
AYTU,NSDQ
AZRX,NSDQ
BASI,NSDQ
BBGI,NSDQ
BBOX,NSDQ
BBRG,NSDQ
BCAC,NSDQ
BCBP,NSDQ
BCLI,NSDQ
BCOM,NSDQ
BCOV,NSDQ
BCRX,NSDQ
BCTF,NSDQ
BDSI,NSDQ
BELFA,NSDQ
BELFB,NSDQ
BFIN,NSDQ
BGCP,NSDQ
BGFV,NSDQ
BHBK,NSDQ
BIOC,NSDQ
BIOL,NSDQ
BIOS,NSDQ
BKCC,NSDQ
BKEP,NSDQ
BKSC,NSDQ
BKYI,NSDQ
BLCM,NSDQ
BLDP,NSDQ
BLFS,NSDQ
BLIN,NSDQ
BLPH,NSDQ
BLRX,NSDQ
BMRA,NSDQ
BNCL,NSDQ
BNSO,NSDQ
BNTC,NSDQ
BOCH,NSDQ
BOJA,NSDQ
BOSC,NSDQ
BOTJ,NSDQ
BOXL,NSDQ
BPFH,NSDQ
BPTH,NSDQ
BRAC,NSDQ
BREW,NSDQ
BRID,NSDQ
BRKL,NSDQ
BRPA,NSDQ
BRQS,NSDQ
BSF,NSDQ
BSPM,NSDQ
BSQR,NSDQ
BUR,NSDQ
BURG,NSDQ
BVSN,NSDQ
BVXV,NSDQ
BWEN,NSDQ
BYBK,NSDQ
BYFC,NSDQ
CAAS,NSDQ
CADC,NSDQ
CAFD,NSDQ
CALA,NSDQ
CALI,NSDQ
CALL,NSDQ
CAMT,NSDQ
CAPR,NSDQ
CARA,NSDQ
CART,NSDQ
CARV,NSDQ
CASC,NSDQ
CASI,NSDQ
CASM,NSDQ
CATB,NSDQ
CATS,NSDQ
CBAK,NSDQ
CBAN,NSDQ
CBAY,NSDQ
CBLI,NSDQ
CBMG,NSDQ
CCCL,NSDQ
CCCR,NSDQ
CCLP,NSDQ
CCRC,NSDQ
CCRN,NSDQ
CCUR,NSDQ
CCXI,NSDQ
CDEV,NSDQ
CDMO,NSDQ
CDNA,NSDQ
CDTI,NSDQ
CDTX,NSDQ
CDXC,NSDQ
CDXS,NSDQ
CDZI,NSDQ
CECE,NSDQ
CECO,NSDQ
CELC,NSDQ
CELH,NSDQ
CEMI,NSDQ
CERC,NSDQ
CERS,NSDQ
CETV,NSDQ
CETX,NSDQ
CFBI,NSDQ
CFBK,NSDQ
CFFN,NSDQ
CFMS,NSDQ
CFRX,NSDQ
CGBD,NSDQ
CGEN,NSDQ
CGIX,NSDQ
CGNT,NSDQ
CHCI,NSDQ
CHEF,NSDQ
CHEK,NSDQ
CHFN,NSDQ
CHFS,NSDQ
CHKE,NSDQ
CHMA,NSDQ
CHNR,NSDQ
CHRS,NSDQ
CHUBK,NSDQ
CIDM,NSDQ
CJJD,NSDQ
CKPT,NSDQ
CLAR,NSDQ
CLBS,NSDQ
CLCT,NSDQ
CLDC,NSDQ
CLDX,NSDQ
CLFD,NSDQ
CLGN,NSDQ
CLIR,NSDQ
CLMT,NSDQ
CLNE,NSDQ
CLRB,NSDQ
CLRO,NSDQ
CLSD,NSDQ
CLSN,NSDQ
CLUB,NSDQ
CLWT,NSDQ
CLXT,NSDQ
CMCT,NSDQ
CMFN,NSDQ
CMRX,NSDQ
CMSS,NSDQ
CMTA,NSDQ
CNAC,NSDQ
CNAT,NSDQ
CNET,NSDQ
CNFR,NSDQ
CNIT,NSDQ
CNSL,NSDQ
CNTF,NSDQ
CNTY,NSDQ
COBZ,NSDQ
CODA,NSDQ
COGT,NSDQ
COHU,NSDQ
COOL,NSDQ
CORI,NSDQ
CORT,NSDQ
COWN,NSDQ
CPAH,NSDQ
CPHC,NSDQ
CPIX,NSDQ
CPLP,NSDQ
CPRX,NSDQ
CPSH,NSDQ
CPSS,NSDQ
CPST,NSDQ
CPTA,NSDQ
CRBP,NSDQ
CREG,NSDQ
CRIS,NSDQ
CRME,NSDQ
CRNT,NSDQ
CROX,NSDQ
CRVS,NSDQ
CRWS,NSDQ
CRZO,NSDQ
CSBK,NSDQ
CSBR,NSDQ
CSIQ,NSDQ
CSPI,NSDQ
CSSE,NSDQ
CSTR,NSDQ
CSWC,NSDQ
CTG,NSDQ
CTHR,NSDQ
CTIB,NSDQ
CTIC,NSDQ
CTRE,NSDQ
CTRV,NSDQ
CTSO,NSDQ
CTXR,NSDQ
CUBA,NSDQ
CUE,NSDQ
CUI,NSDQ
CUR,NSDQ
CVCY,NSDQ
CVGI,NSDQ
CVOVQ,NSDQ
CVV,NSDQ
CWBC,NSDQ
CWBR,NSDQ
CWCO,NSDQ
CXDC,NSDQ
CXRX,NSDQ
CY,NSDQ
CYAN,NSDQ
CYBE,NSDQ
CYCC,NSDQ
CYRN,NSDQ
CYRX,NSDQ
CYTK,NSDQ
CYTR,NSDQ
CYTX,NSDQ
CZR,NSDQ
CZWI,NSDQ
DAIO,NSDQ
DAKT,NSDQ
DARE,NSDQ
DAVE,NSDQ
DCAR,NSDQ
DCIX,NSDQ
DCOM,NSDQ
DENN,NSDQ
DEPO,NSDQ
DEST,NSDQ
DFBG,NSDQ
DFFN,NSDQ
DFRG,NSDQ
DGICA,NSDQ
DGICB,NSDQ
DGII,NSDQ
DGLY,NSDQ
DLHC,NSDQ
DLPN,NSDQ
DLTH,NSDQ
DMLP,NSDQ
DMPI,NSDQ
DOTA,NSDQ
DRAD,NSDQ
DRIO,NSDQ
DRNA,NSDQ
DRRX,NSDQ
DRYS,NSDQ
DSKE,NSDQ
DSPG,NSDQ
DSWL,NSDQ
DTEA,NSDQ
DTRM,NSDQ
DVAX,NSDQ
DVCR,NSDQ
DWCH,NSDQ
DWSN,NSDQ
DXLG,NSDQ
DXYN,NSDQ
DYNT,NSDQ
DYSL,NSDQ
DZSI,NSDQ
EACQ,NSDQ
EARS,NSDQ
EAST,NSDQ
EBIO,NSDQ
ECYT,NSDQ
EDAP,NSDQ
EDGE,NSDQ
EDGW,NSDQ
EDUC,NSDQ
EEI,NSDQ
EFBI,NSDQ
EFOI,NSDQ
EGAN,NSDQ
EGLE,NSDQ
EGLT,NSDQ
EGOV,NSDQ
EHTH,NSDQ
EIGI,NSDQ
EIGR,NSDQ
EKSO,NSDQ
ELGX,NSDQ
ELON,NSDQ
ELSE,NSDQ
ELTK,NSDQ
EMITF,NSDQ
EMKR,NSDQ
EMMS,NSDQ
ENDP,NSDQ
ENG,NSDQ
ENPH,NSDQ
ENT,NSDQ
EOLS,NSDQ
EPIX,NSDQ
EPZM,NSDQ
EQFN,NSDQ
ERIC,NSDQ
ERII,NSDQ
ESCA,NSDQ
ESEA,NSDQ
ESES,NSDQ
ESIO,NSDQ
ESND,NSDQ
ESSA,NSDQ
EVEP,NSDQ
EVFM,NSDQ
EVGN,NSDQ
EVK,NSDQ
EVLV,NSDQ
EVOK,NSDQ
EVOL,NSDQ
EXFO,NSDQ
EXTR,NSDQ
EXXI,NSDQ
EYEG,NSDQ
EYEN,NSDQ
EYES,NSDQ
EZPW,NSDQ
FAT,NSDQ
FATE,NSDQ
FBIO,NSDQ
FCCY,NSDQ
FCEL,NSDQ
FCRE,NSDQ
FCSC,NSDQ
FDUS,NSDQ
FEIM,NSDQ
FENC,NSDQ
FEYE,NSDQ
FFBW,NSDQ
FFHL,NSDQ
FFNW,NSDQ
FFWM,NSDQ
FINL,NSDQ
FLDM,NSDQ
FLEX,NSDQ
FLGT,NSDQ
FLKS,NSDQ
FLL,NSDQ
FLWS,NSDQ
FMCI,NSDQ
FMNB,NSDQ
FNHC,NSDQ
FNJN,NSDQ
FNKO,NSDQ
FNSR,NSDQ
FNWB,NSDQ
FOGO,NSDQ
FOLD,NSDQ
FOMX,NSDQ
FORD,NSDQ
FORK,NSDQ
FORM,NSDQ
FOSL,NSDQ
FPAY,NSDQ
FPRX,NSDQ
FRAN,NSDQ
FRBA,NSDQ
FRBK,NSDQ
FRED,NSDQ
FRGI,NSDQ
FRPT,NSDQ
FRSH,NSDQ
FRSX,NSDQ
FRTA,NSDQ
FSAC,NSDQ
FSBC,NSDQ
FSNN,NSDQ
FTD,NSDQ
FTEK,NSDQ
FTEO,NSDQ
FTFT,NSDQ
FTR,NSDQ
FULT,NSDQ
FUNC,NSDQ
FUND,NSDQ
FUSB,NSDQ
FUV,NSDQ
FVE,NSDQ
FWP,NSDQ
GAIA,NSDQ
GAIN,NSDQ
GALT,NSDQ
GARS,NSDQ
GASS,NSDQ
GBDC,NSDQ
GEC,NSDQ
GECC,NSDQ
GEMP,NSDQ
GENC,NSDQ
GENE,NSDQ
GEOS,NSDQ
GERN,NSDQ
GEVO,NSDQ
GFN,NSDQ
GIFI,NSDQ
GIGM,NSDQ
GILT,NSDQ
GLAD,NSDQ
GLBS,NSDQ
GLBZ,NSDQ
GLDD,NSDQ
GLMD,NSDQ
GLRE,NSDQ
GLUU,NSDQ
GNCA,NSDQ
GNMK,NSDQ
GNMX,NSDQ
GNUS,NSDQ
GOGL,NSDQ
GOGO,NSDQ
GOOD,NSDQ
GOV,NSDQ
GPIC,NSDQ
GPOR,NSDQ
GPP,NSDQ
GPRE,NSDQ
GPRO,NSDQ
GRBK,NSDQ
GROW,NSDQ
GRPN,NSDQ
GSHT,NSDQ
GSIT,NSDQ
GSM,NSDQ
GSUM,NSDQ
GSVC,NSDQ
GTHX,NSDQ
GTIM,NSDQ
GTXI,NSDQ
GTYH,NSDQ
GURE,NSDQ
GWGH,NSDQ
GWRS,NSDQ
GYRO,NSDQ
HABT,NSDQ
HAIR,NSDQ
HALL,NSDQ
HALO,NSDQ
HBAN,NSDQ
HBIO,NSDQ
HBK,NSDQ
HBMD,NSDQ
HBP,NSDQ
HCAP,NSDQ
HCKT,NSDQ
HDNG,NSDQ
HDP,NSDQ
HDSN,NSDQ
HEAR,NSDQ
HEBT,NSDQ
HFBC,NSDQ
HGSH,NSDQ
HIHO,NSDQ
HIMX,NSDQ
HLIT,NSDQ
HMHC,NSDQ
HMNF,NSDQ
HMNY,NSDQ
HMSY,NSDQ
HMTA,NSDQ
HMTV,NSDQ
HNNA,NSDQ
HNRG,NSDQ
HONE,NSDQ
HOPE,NSDQ
HPJ,NSDQ
HQCL,NSDQ
HRZN,NSDQ
HSGX,NSDQ
HSON,NSDQ
HTBK,NSDQ
HTBX,NSDQ
HTGM,NSDQ
HVBC,NSDQ
HWCC,NSDQ
HX,NSDQ
HYAC,NSDQ
HYGS,NSDQ
HZNP,NSDQ
IAM,NSDQ
ICAD,NSDQ
ICCC,NSDQ
ICCH,NSDQ
ICLK,NSDQ
ICON,NSDQ
IDRA,NSDQ
IDSA,NSDQ
IDSY,NSDQ
IDXG,NSDQ
IESC,NSDQ
IFMK,NSDQ
IFON,NSDQ
IGLD,NSDQ
III,NSDQ
IIJI,NSDQ
IKNX,NSDQ
IMDZ,NSDQ
IMGN,NSDQ
IMI,NSDQ
IMMP,NSDQ
IMMR,NSDQ
IMMU,NSDQ
IMMY,NSDQ
IMNP,NSDQ
IMOS,NSDQ
IMRN,NSDQ
INAP,NSDQ
INDUA,NSDQ
INFI,NSDQ
INFN,NSDQ
INNT,NSDQ
INO,NSDQ
INOD,NSDQ
INOV,NSDQ
INPX,NSDQ
INSE,NSDQ
INSG,NSDQ
INSY,NSDQ
INTX,NSDQ
INVA,NSDQ
INVE,NSDQ
INWK,NSDQ
IOTS,NSDQ
IOVA,NSDQ
IPAS,NSDQ
IPCI,NSDQ
IPDN,NSDQ
IPIC,NSDQ
IPWR,NSDQ
IPXL,NSDQ
IRDM,NSDQ
IRIX,NSDQ
IRMD,NSDQ
IROQ,NSDQ
IRWD,NSDQ
ISBC,NSDQ
ISIG,NSDQ
ISNS,NSDQ
ISSC,NSDQ
ITCI,NSDQ
ITI,NSDQ
ITUS,NSDQ
IVAC,NSDQ
IVTY,NSDQ
IZEA,NSDQ
JAGX,NSDQ
JAKK,NSDQ
JASN,NSDQ
JASO,NSDQ
JCS,NSDQ
JCTCF,NSDQ
JMBA,NSDQ
JMU,NSDQ
JNP,NSDQ
JRJC,NSDQ
JSYN,NSDQ
JTPY,NSDQ
JVA,NSDQ
JYNT,NSDQ
KAAC,NSDQ
KALA,NSDQ
KALV,NSDQ
KANG,NSDQ
KBAL,NSDQ
KBLM,NSDQ
KBSF,NSDQ
KCAP,NSDQ
KE,NSDQ
KERX,NSDQ
KEYW,NSDQ
KFFB,NSDQ
KGJI,NSDQ
KIDS,NSDQ
KIN,NSDQ
KIRK,NSDQ
KMDA,NSDQ
KMPH,NSDQ
KNDI,NSDQ
KONA,NSDQ
KONE,NSDQ
KOOL,NSDQ
KOPN,NSDQ
KOSS,NSDQ
KPTI,NSDQ
KRNT,NSDQ
KRNY,NSDQ
KRYS,NSDQ
KTCC,NSDQ
KTOS,NSDQ
KTOV,NSDQ
KTWO,NSDQ
KVHI,NSDQ
KZIA,NSDQ
LACQ,NSDQ
LAKE,NSDQ
LAND,NSDQ
LAUR,NSDQ
LAYN,NSDQ
LBAI,NSDQ
LBC,NSDQ
LBCC,NSDQ
LBIX,NSDQ
LCNB,NSDQ
LCUT,NSDQ
LE,NSDQ
LEDS,NSDQ
LENS,NSDQ
LFVN,NSDQ
LGCY,NSDQ
LIFE,NSDQ
LINC,NSDQ
LIND,NSDQ
LINK,NSDQ
LINU,NSDQ
LIVE,NSDQ
LLIT,NSDQ
LLNW,NSDQ
LMB,NSDQ
LMFA,NSDQ
LMNX,NSDQ
LMRK,NSDQ
LNDC,NSDQ
LOAN,NSDQ
LOCO,NSDQ
LONE,NSDQ
LOOP,NSDQ
LPCN,NSDQ
LPSN,NSDQ
LPTH,NSDQ
LPTX,NSDQ
LQDT,NSDQ
LRAD,NSDQ
LSBK,NSDQ
LSCC,NSDQ
LTBR,NSDQ
LTRPA,NSDQ
LTRPB,NSDQ
LTRX,NSDQ
LUNA,NSDQ
LWAY,NSDQ
LX,NSDQ
LXRX,NSDQ
LYL,NSDQ
LYTS,NSDQ
MACK,NSDQ
MAGS,NSDQ
MAMS,NSDQ
MARA,NSDQ
MARK,NSDQ
MARPS,NSDQ
MAT,NSDQ
MATR,NSDQ
MBII,NSDQ
MBIO,NSDQ
MBOT,NSDQ
MBRX,NSDQ
MBTF,NSDQ
MCBC,NSDQ
MCEP,NSDQ
MCHX,NSDQ
MCRB,NSDQ
MDCA,NSDQ
MDRX,NSDQ
MDWD,NSDQ
MDXG,NSDQ
MEET,NSDQ
MEIP,NSDQ
MELR,NSDQ
MERC,NSDQ
MESO,NSDQ
METC,NSDQ
MFIN,NSDQ
MFNC,NSDQ
MGEN,NSDQ
MGI,NSDQ
MGIC,NSDQ
MGYR,NSDQ
MHLD,NSDQ
MICT,NSDQ
MIND,NSDQ
MITK,NSDQ
MITL,NSDQ
MLNK,NSDQ
MLNT,NSDQ
MMDM,NSDQ
MMLP,NSDQ
MNDO,NSDQ
MNGA,NSDQ
MNKD,NSDQ
MNOV,NSDQ
MNTA,NSDQ
MNTX,NSDQ
MOBL,NSDQ
MOSY,NSDQ
MOXC,NSDQ
MPVD,NSDQ
MRAM,NSDQ
MRBK,NSDQ
MRCC,NSDQ
MRDN,NSDQ
MRNS,NSDQ
MRSN,NSDQ
MRUS,NSDQ
MSBF,NSDQ
MSON,NSDQ
MTBC,NSDQ
MTEM,NSDQ
MTEX,NSDQ
MTFB,NSDQ
MTGE,NSDQ
MTLS,NSDQ
MTP,NSDQ
MTRX,NSDQ
MTSL,NSDQ
MVBF,NSDQ
MVIS,NSDQ
MXWL,NSDQ
MYND,NSDQ
MYOS,NSDQ
MYSZ,NSDQ
NAII,NSDQ
NAKD,NSDQ
NAOV,NSDQ
NATR,NSDQ
NAUH,NSDQ
NAVI,NSDQ
NBEV,NSDQ
NBRV,NSDQ
NCMI,NSDQ
NCNA,NSDQ
NCSM,NSDQ
NCTY,NSDQ
NDLS,NSDQ
NDRA,NSDQ
NEO,NSDQ
NEON,NSDQ
NEOS,NSDQ
NEPT,NSDQ
NERV,NSDQ
NESR,NSDQ
NETE,NSDQ
NEWA,NSDQ
NEWT,NSDQ
NEXT,NSDQ
NFBK,NSDQ
NFEC,NSDQ
NH,NSDQ
NHLD,NSDQ
NHTC,NSDQ
NICK,NSDQ
NIHD,NSDQ
NITE,NSDQ
NK,NSDQ
NLNK,NSDQ
NLST,NSDQ
NMRK,NSDQ
NNDM,NSDQ
NODK,NSDQ
NOVN,NSDQ
NSEC,NSDQ
NSSC,NSDQ
NSTG,NSDQ
NSYS,NSDQ
NTEC,NSDQ
NTRA,NSDQ
NTRP,NSDQ
NTWK,NSDQ
NUAN,NSDQ
NURO,NSDQ
NVAX,NSDQ
NVCN,NSDQ
NVFY,NSDQ
NVIV,NSDQ
NVLN,NSDQ
NVMM,NSDQ
NVTR,NSDQ
NVUS,NSDQ
NWBI,NSDQ
NWPX,NSDQ
NWS,NSDQ
NWSA,NSDQ
NXEO,NSDQ
NXTD,NSDQ
NYMT,NSDQ
NYMX,NSDQ
OACQ,NSDQ
OASM,NSDQ
OBAS,NSDQ
OBCI,NSDQ
OBLN,NSDQ
OBSV,NSDQ
OCC,NSDQ
OCLR,NSDQ
OCSI,NSDQ
OCSL,NSDQ
OCUL,NSDQ
ODP,NSDQ
OESX,NSDQ
OFS,NSDQ
OHAI,NSDQ
OHGI,NSDQ
OHRP,NSDQ
OIIM,NSDQ
OMED,NSDQ
OMER,NSDQ
OMEX,NSDQ
OMNT,NSDQ
ONB,NSDQ
ONCS,NSDQ
ONS,NSDQ
ONTX,NSDQ
ONVO,NSDQ
OPGN,NSDQ
OPHC,NSDQ
OPHT,NSDQ
OPK,NSDQ
OPTN,NSDQ
OPTT,NSDQ
ORBC,NSDQ
OREX,NSDQ
ORIT,NSDQ
ORMP,NSDQ
ORPN,NSDQ
OSBC,NSDQ
OSN,NSDQ
OSPR,NSDQ
OSS,NSDQ
OSUR,NSDQ
OTEL,NSDQ
OTIC,NSDQ
OTIV,NSDQ
OTTW,NSDQ
OVAS,NSDQ
OVID,NSDQ
OXBR,NSDQ
OXFD,NSDQ
OXLC,NSDQ
PAAS,NSDQ
PACB,NSDQ
PANL,NSDQ
PATI,NSDQ
PAVM,NSDQ
PBBI,NSDQ
PBCT,NSDQ
PBHC,NSDQ
PBIB,NSDQ
PBIP,NSDQ
PBPB,NSDQ
PBSK,NSDQ
PCMI,NSDQ
PCOM,NSDQ
PCSB,NSDQ
PCTI,NSDQ
PCYG,NSDQ
PCYO,NSDQ
PDEX,NSDQ
PDFS,NSDQ
PDLB,NSDQ
PDLI,NSDQ
PEGI,NSDQ
PEIX,NSDQ
PERI,NSDQ
PESI,NSDQ
PETX,NSDQ
PETZ,NSDQ
PFBI,NSDQ
PFIE,NSDQ
PFIN,NSDQ
PFLT,NSDQ
PFMT,NSDQ
PFSW,NSDQ
PGLC,NSDQ
PGNX,NSDQ
PHII,NSDQ
PHIIK,NSDQ
PI,NSDQ
PICO,NSDQ
PID,NSDQ
PIH,NSDQ
PIRS,NSDQ
PIXY,NSDQ
PLAB,NSDQ
PLSE,NSDQ
PLUG,NSDQ
PLXP,NSDQ
PLYA,NSDQ
PMBC,NSDQ
PME,NSDQ
PMTS,NSDQ
PNBK,NSDQ
PNNT,NSDQ
PNTR,NSDQ
POLA,NSDQ
PPIH,NSDQ
PPSI,NSDQ
PRAN,NSDQ
PRCP,NSDQ
PRFT,NSDQ
PRGX,NSDQ
PRKR,NSDQ
PRMW,NSDQ
PROV,NSDQ
PRPH,NSDQ
PRPL,NSDQ
PRPO,NSDQ
PRQR,NSDQ
PRSS,NSDQ
PRTK,NSDQ
PRTO,NSDQ
PRTS,NSDQ
PSDO,NSDQ
PSDV,NSDQ
PSEC,NSDQ
PSTI,NSDQ
PTEN,NSDQ
PTGX,NSDQ
PTI,NSDQ
PTIE,NSDQ
PTNR,NSDQ
PTX,NSDQ
PULM,NSDQ
PXLW,NSDQ
PXS,NSDQ
PYDS,NSDQ
QBAK,NSDQ
QIWI,NSDQ
QNST,NSDQ
QRHC,NSDQ
QSII,NSDQ
QTNA,NSDQ
QTNT,NSDQ
QTRH,NSDQ
QUIK,NSDQ
QUMU,NSDQ
RADA,NSDQ
RAIL,NSDQ
RAND,NSDQ
RARX,NSDQ
RAVE,NSDQ
RBBN,NSDQ
RBCN,NSDQ
RCII,NSDQ
RCKT,NSDQ
RCKY,NSDQ
RCM,NSDQ
RCMT,NSDQ
RCON,NSDQ
RDCM,NSDQ
RDHL,NSDQ
RDI,NSDQ
RDNT,NSDQ
RECN,NSDQ
REDU,NSDQ
REFR,NSDQ
REGI,NSDQ
REIS,NSDQ
RELL,NSDQ
RELV,NSDQ
REPH,NSDQ
RESN,NSDQ
RETO,NSDQ
REXX,NSDQ
RFIL,NSDQ
RGLS,NSDQ
RGSE,NSDQ
RIBT,NSDQ
RIGL,NSDQ
RILY,NSDQ
RIOT,NSDQ
RKDA,NSDQ
RLJE,NSDQ
RMBL,NSDQ
RMBS,NSDQ
RMCF,NSDQ
RMGN,NSDQ
RMTI,NSDQ
RNDB,NSDQ
RNET,NSDQ
RNWK,NSDQ
ROIC,NSDQ
ROSE,NSDQ
ROSG,NSDQ
RPXC,NSDQ
RSLS,NSDQ
RSYS,NSDQ
RTIX,NSDQ
RTTR,NSDQ
RUN,NSDQ
RVEN,NSDQ
RVLT,NSDQ
RVSB,NSDQ
RWLK,NSDQ
RXII,NSDQ
SAEX,NSDQ
SALM,NSDQ
SAMG,NSDQ
SANW,NSDQ
SAUC,NSDQ
SBBP,NSDQ
SBFG,NSDQ
SBLK,NSDQ
SBOT,NSDQ
SBPH,NSDQ
SBRA,NSDQ
SBT,NSDQ
SCKT,NSDQ
SCON,NSDQ
SCPH,NSDQ
SCWX,NSDQ
SCYX,NSDQ
SEAC,NSDQ
SECO,NSDQ
SEED,NSDQ
SELB,NSDQ
SELF,NSDQ
SES,NSDQ
SFIX,NSDQ
SGBX,NSDQ
SGLB,NSDQ
SGMA,NSDQ
SGOC,NSDQ
SGRP,NSDQ
SGRY,NSDQ
SGYP,NSDQ
SHBI,NSDQ
SHIP,NSDQ
SHLD,NSDQ
SHLO,NSDQ
SHOS,NSDQ
SHSP,NSDQ
SIEB,NSDQ
SIEN,NSDQ
SIFI,NSDQ
SIFY,NSDQ
SIGM,NSDQ
SINO,NSDQ
SIR,NSDQ
SIRI,NSDQ
SITO,NSDQ
SKIS,NSDQ
SKYS,NSDQ
SLCT,NSDQ
SLGL,NSDQ
SLM,NSDQ
SLNO,NSDQ
SLP,NSDQ
SLS,NSDQ
SMCI,NSDQ
SMED,NSDQ
SMIT,NSDQ
SMMT,NSDQ
SMPL,NSDQ
SMRT,NSDQ
SMSI,NSDQ
SMTX,NSDQ
SNCR,NSDQ
SND,NSDQ
SNDE,NSDQ
SNDX,NSDQ
SNES,NSDQ
SNFCA,NSDQ
SNGX,NSDQ
SNH,NSDQ
SNMX,NSDQ
SNNA,NSDQ
SNOA,NSDQ
SNSS,NSDQ
SOFO,NSDQ
SOHO,NSDQ
SONA,NSDQ
SORL,NSDQ
SPAR,NSDQ
SPCB,NSDQ
SPEX,NSDQ
SPHS,NSDQ
SPI,NSDQ
SPIL,NSDQ
SPKE,NSDQ
SPNE,NSDQ
SPNS,NSDQ
SPOK,NSDQ
SPRO,NSDQ
SPRT,NSDQ
SPWH,NSDQ
SPWR,NSDQ
SQBG,NSDQ
SRAX,NSDQ
SREV,NSDQ
SRNE,NSDQ
SRRA,NSDQ
SRTS,NSDQ
SSBI,NSDQ
SSC,NSDQ
SSFN,NSDQ
SSKN,NSDQ
SSLJ,NSDQ
SSNT,NSDQ
SSRM,NSDQ
SSTI,NSDQ
STAA,NSDQ
STAF,NSDQ
STB,NSDQ
STDY,NSDQ
STKL,NSDQ
STKS,NSDQ
STLR,NSDQ
STLY,NSDQ
STML,NSDQ
STRL,NSDQ
STRM,NSDQ
SUMR,NSDQ
SUNS,NSDQ
SUNW,NSDQ
SVA,NSDQ
SVBI,NSDQ
SVRA,NSDQ
SVVC,NSDQ
SWIR,NSDQ
SYBX,NSDQ
SYNC,NSDQ
SYNL,NSDQ
SYPR,NSDQ
SYRS,NSDQ
TA,NSDQ
TACO,NSDQ
TACT,NSDQ
TAIT,NSDQ
TANH,NSDQ
TAST,NSDQ
TATT,NSDQ
TAX,NSDQ
TAYD,NSDQ
TBBK,NSDQ
TCCO,NSDQ
TCON,NSDQ
TCPC,NSDQ
TCRD,NSDQ
TEDU,NSDQ
TELL,NSDQ
TENX,NSDQ
TERP,NSDQ
TFSL,NSDQ
TGA,NSDQ
TGEN,NSDQ
TGLS,NSDQ
TGTX,NSDQ
THST,NSDQ
TICC,NSDQ
TIL,NSDQ
TIPT,NSDQ
TISA,NSDQ
TITN,NSDQ
TIVO,NSDQ
TLF,NSDQ
TLGT,NSDQ
TMSR,NSDQ
TNAV,NSDQ
TNDM,NSDQ
TNTR,NSDQ
TNXP,NSDQ
TOCA,NSDQ
TOPS,NSDQ
TORC,NSDQ
TORM,NSDQ
TOUR,NSDQ
TPIC,NSDQ
TPIV,NSDQ
TRCB,NSDQ
TRCH,NSDQ
TRIB,NSDQ
TRIL,NSDQ
TRMD,NSDQ
TRMT,NSDQ
TRNS,NSDQ
TROV,NSDQ
TRPX,NSDQ
TRST,NSDQ
TRUE,NSDQ
TRVG,NSDQ
TRVN,NSDQ
TSRI,NSDQ
TST,NSDQ
TTGT,NSDQ
TTMI,NSDQ
TTNP,NSDQ
TTOO,NSDQ
TTPH,NSDQ
TTS,NSDQ
TUES,NSDQ
TURN,NSDQ
TWMC,NSDQ
TWNK,NSDQ
TXMD,NSDQ
TYHT,NSDQ
TYME,NSDQ
TZOO,NSDQ
UBCP,NSDQ
UBFO,NSDQ
UBNK,NSDQ
UCFC,NSDQ
UEPS,NSDQ
UG,NSDQ
UIHC,NSDQ
ULBI,NSDQ
UNAM,NSDQ
UNIT,NSDQ
UNTY,NSDQ
UONE,NSDQ
UONEK,NSDQ
UPL,NSDQ
USAT,NSDQ
USAU,NSDQ
USEG,NSDQ
UTSI,NSDQ
VALU,NSDQ
VBIV,NSDQ
VBLT,NSDQ
VCEL,NSDQ
VCTR,NSDQ
VCYT,NSDQ
VDSI,NSDQ
VDTH,NSDQ
VEAC,NSDQ
VECO,NSDQ
VEON,NSDQ
VERI,NSDQ
VERU,NSDQ
VIAV,NSDQ
VICL,NSDQ
VICR,NSDQ
VIRC,NSDQ
VIVE,NSDQ
VIVO,NSDQ
VKTX,NSDQ
VLRX,NSDQ
VNDA,NSDQ
VNET,NSDQ
VOXX,NSDQ
VRA,NSDQ
VRAY,NSDQ
VRML,NSDQ
VRNA,NSDQ
VSAR,NSDQ
VSTM,NSDQ
VTGN,NSDQ
VTL,NSDQ
VTNR,NSDQ
VTVT,NSDQ
VUZI,NSDQ
VVPR,NSDQ
VVUS,NSDQ
WATT,NSDQ
WCFB,NSDQ
WEB,NSDQ
WEN,NSDQ
WETF,NSDQ
WHF,NSDQ
WHLM,NSDQ
WHLR,NSDQ
WILC,NSDQ
WIN,NSDQ
WKHS,NSDQ
WLB,NSDQ
WMIH,NSDQ
WNEB,NSDQ
WPRT,NSDQ
WRLS,NSDQ
WSBF,NSDQ
WSC,NSDQ
WSCI,NSDQ
WSTG,NSDQ
WSTL,NSDQ
WVFC,NSDQ
WVVI,NSDQ
WWR,NSDQ
XBIO,NSDQ
XBIT,NSDQ
XCRA,NSDQ
XELA,NSDQ
XELB,NSDQ
XENE,NSDQ
XGTI,NSDQ
XNET,NSDQ
XOG,NSDQ
XONE,NSDQ
XPLR,NSDQ
XSPA,NSDQ
XTLB,NSDQ
YECO,NSDQ
YGYI,NSDQ
YIN,NSDQ
YOGA,NSDQ
YRCW,NSDQ
YTEN,NSDQ
YTRA,NSDQ
ZAGG,NSDQ
ZAIS,NSDQ
ZEAL,NSDQ
ZFGN,NSDQ
ZIOP,NSDQ
ZIXI,NSDQ
ZKIN,NSDQ
ZN,NSDQ
ZNGA,NSDQ
ZSAN,NSDQ
ZUMZ,NSDQ
ZYNE,NSDQ
AAC,NYSE
AAV,NYSE
ABEV,NYSE
ABR,NYSE
ABX,NYSE
ACCO,NYSE
ACH,NYSE
ACRE,NYSE
ADT,NYSE
ADX,NYSE
AEG,NYSE
AEO,NYSE
AES,NYSE
AFI,NYSE
AG,NYSE
AGI,NYSE
AGRO,NYSE
AGS,NYSE
AHC,NYSE
AHH,NYSE
AHP,NYSE
AHT,NYSE
AI,NYSE
AJX,NYSE
AKS,NYSE
AMBR,NYSE
AMC,NYSE
AMGP,NYSE
AMH,NYSE
AMID,NYSE
AMRC,NYSE
AMX,NYSE
AMZA,NYSE
ANFI,NYSE
ANH,NYSE
ANW,NYSE
AP,NYSE
APB,NYSE
APF,NYSE
APLE,NYSE
APRN,NYSE
APTS,NYSE
AQ,NYSE
AQN,NYSE
AR,NYSE
ARA,NYSE
ARC,NYSE
ARCO,NYSE
ARD,NYSE
ARI,NYSE
ARL,NYSE
AROC,NYSE
ASA,NYSE
ASC,NYSE
ASG,NYSE
ASPN,NYSE
ASX,NYSE
AT,NYSE
ATEN,NYSE
ATTO,NYSE
ATUS,NYSE
AU,NYSE
AUO,NYSE
AUY,NYSE
AVAL,NYSE
AVD,NYSE
AVH,NYSE
AVP,NYSE
AVX,NYSE
AWF,NYSE
AXL,NYSE
AXR,NYSE
AZRE,NYSE
BANC,NYSE
BAS,NYSE
BB,NYSE
BBD,NYSE
BBDO,NYSE
BBG,NYSE
BBVA,NYSE
BBW,NYSE
BBX,NYSE
BCRH,NYSE
BCS,NYSE
BDN,NYSE
BEDU,NYSE
BEL,NYSE
BIF,NYSE
BIOA,NYSE
BKD,NYSE
BKN,NYSE
BKS,NYSE
BKT,NYSE
BNED,NYSE
BOOT,NYSE
BORN,NYSE
BPI,NYSE
BRFS,NYSE
BRS,NYSE
BRT,NYSE
BRX,NYSE
BSBR,NYSE
BSM,NYSE
BSMX,NYSE
BSTI,NYSE
BT,NYSE
BTE,NYSE
BVN,NYSE
BW,NYSE
BWP,NYSE
BXC,NYSE
BXE,NYSE
BXG,NYSE
BZH,NYSE
CAAP,NYSE
CAE,NYSE
CALX,NYSE
CATO,NYSE
CBA,NYSE
CBB,NYSE
CBI,NYSE
CBK,NYSE
CBL,NYSE
CBZ,NYSE
CCJ,NYSE
CCM,NYSE
CCO,NYSE
CCR,NYSE
CCT,NYSE
CDE,NYSE
CDR,NYSE
CEL,NYSE
CELP,NYSE
CEPU,NYSE
CGA,NYSE
CGG,NYSE
CGI,NYSE
CHGG,NYSE
CHK,NYSE
CHKR,NYSE
CHMI,NYSE
CHS,NYSE
CHU,NYSE
CIA,NYSE
CIC,NYSE
CIF,NYSE
CIG,NYSE
CIM,NYSE
CIO,NYSE
CISN,NYSE
CIVI,NYSE
CLD,NYSE
CLDR,NYSE
CLF,NYSE
CLI,NYSE
CLNC,NYSE
CLNS,NYSE
CLPR,NYSE
CLS,NYSE
CMCM,NYSE
CMO,NYSE
CMRE,NYSE
CMU,NYSE
CNDT,NYSE
CNHI,NYSE
CNNE,NYSE
CNX,NYSE
CNXM,NYSE
CO,NYSE
CODI,NYSE
COE,NYSE
COLD,NYSE
COT,NYSE
CPAC,NYSE
CPE,NYSE
CPG,NYSE
CPL,NYSE
CPN,NYSE
CRC,NYSE
CRCM,NYSE
CRD.A,NYSE
CRD.B,NYSE
CRK,NYSE
CRR,NYSE
CRT,NYSE
CRY,NYSE
CS,NYSE
CSLT,NYSE
CSS,NYSE
CSTM,NYSE
CSU,NYSE
CTL,NYSE
CTT,NYSE
CURO,NYSE
CUZ,NYSE
CVA,NYSE
CVE,NYSE
CVEO,NYSE
CVRR,NYSE
CX,NYSE
CXE,NYSE
CXH,NYSE
CYH,NYSE
CYS,NYSE
CZZ,NYSE
DAC,NYSE
DAR,NYSE
DB,NYSE
DBA,NYSE
DBB,NYSE
DBC,NYSE
DBD,NYSE
DDD,NYSE
DDE,NYSE
DDF,NYSE
DDR,NYSE
DEA,NYSE
DF,NYSE
DHF,NYSE
DHT,NYSE
DHX,NYSE
DL,NYSE
DLNG,NYSE
DNI,NYSE
DNOW,NYSE
DNP,NYSE
DNR,NYSE
DO,NYSE
DOC,NYSE
DRD,NYSE
DRH,NYSE
DS,NYSE
DSM,NYSE
DSU,NYSE
DSW,NYSE
DSX,NYSE
DTF,NYSE
DUC,NYSE
DVD,NYSE
DX,NYSE
DYN,NYSE
EARN,NYSE
EBF,NYSE
EBR,NYSE
EBR.B,NYSE
EC,NYSE
ECA,NYSE
ECC,NYSE
ECOM,NYSE
ECR,NYSE
ECT,NYSE
EEA,NYSE
EEP,NYSE
EEQ,NYSE
EFC,NYSE
EGHT,NYSE
EGO,NYSE
EGY,NYSE
EHIC,NYSE
ELP,NYSE
ELVT,NYSE
ELY,NYSE
EMES,NYSE
EMF,NYSE
ENBL,NYSE
ENIA,NYSE
ENIC,NYSE
ENLC,NYSE
ENLK,NYSE
ENZ,NYSE
EPE,NYSE
EQS,NYSE
ERA,NYSE
ERF,NYSE
EROS,NYSE
ESRT,NYSE
ESTE,NYSE
ESV,NYSE
ETE,NYSE
ETM,NYSE
ETP,NYSE
EURN,NYSE
EVC,NYSE
EVH,NYSE
EVN,NYSE
EVRI,NYSE
EVTC,NYSE
EXK,NYSE
EXPR,NYSE
F,NYSE
FAC,NYSE
FAZ,NYSE
FBM,NYSE
FBP,NYSE
FBR,NYSE
FCF,NYSE
FCX,NYSE
FDC,NYSE
FEDU,NYSE
FELP,NYSE
FENG,NYSE
FET,NYSE
FF,NYSE
FG,NYSE
FGP,NYSE
FHN,NYSE
FI,NYSE
FIT,NYSE
FLY,NYSE
FMSA,NYSE
FNB,NYSE
FPH,NYSE
FPI,NYSE
FRAC,NYSE
FRO,NYSE
FSIC,NYSE
FSM,NYSE
FSS,NYSE
FT,NYSE
FTAI,NYSE
FTK,NYSE
FTSI,NYSE
GAB,NYSE
GCAP,NYSE
GCH,NYSE
GCI,NYSE
GCV,NYSE
GE,NYSE
GEN,NYSE
GES,NYSE
GFA,NYSE
GFI,NYSE
GG,NYSE
GGB,NYSE
GGT,NYSE
GIG,NYSE
GIM,NYSE
GLOG,NYSE
GLP,NYSE
GME,NYSE
GMRE,NYSE
GNC,NYSE
GNE,NYSE
GNK,NYSE
GNL,NYSE
GNRT,NYSE
GNW,NYSE
GOL,NYSE
GPK,NYSE
GPMT,NYSE
GPRK,NYSE
GRAM,NYSE
GRR,NYSE
GSG,NYSE
GSL,NYSE
GTES,NYSE
GTN,NYSE
GTN.A,NYSE
GZT,NYSE
HBI,NYSE
HBM,NYSE
HCHC,NYSE
HCLP,NYSE
HESM,NYSE
HGT,NYSE
HHS,NYSE
HIFR,NYSE
HIL,NYSE
HIVE,NYSE
HK,NYSE
HL,NYSE
HLX,NYSE
HMI,NYSE
HMLP,NYSE
HMY,NYSE
HOS,NYSE
HOV,NYSE
HPE,NYSE
HQL,NYSE
HRG,NYSE
HRTG,NYSE
HSC,NYSE
HST,NYSE
HT,NYSE
HTGC,NYSE
HTZ,NYSE
HYB,NYSE
HZN,NYSE
I,NYSE
IAG,NYSE
IAU,NYSE
IBN,NYSE
ICB,NYSE
ICD,NYSE
ICL,NYSE
IDT,NYSE
IIM,NYSE
INF,NYSE
INFY,NYSE
ING,NYSE
INN,NYSE
INSI,NYSE
INSW,NYSE
IPI,NYSE
IPOA,NYSE
IQI,NYSE
IRET,NYSE
IRL,NYSE
IRT,NYSE
ITCB,NYSE
ITG,NYSE
ITUB,NYSE
IVC,NYSE
IVR,NYSE
JAG,NYSE
JAX,NYSE
JCAP,NYSE
JCP,NYSE
JE,NYSE
JEQ,NYSE
JHI,NYSE
JHS,NYSE
JHX,NYSE
JILL,NYSE
JKS,NYSE
JMEI,NYSE
JMM,NYSE
JMP,NYSE
JOE,NYSE
JOF,NYSE
JONE,NYSE
JP,NYSE
JT,NYSE
KBR,NYSE
KDMN,NYSE
KED,NYSE
KEG,NYSE
KEM,NYSE
KEP,NYSE
KFS,NYSE
KGC,NYSE
KIM,NYSE
KL,NYSE
KMI,NYSE
KMM,NYSE
KN,NYSE
KND,NYSE
KODK,NYSE
KOS,NYSE
KREF,NYSE
KRG,NYSE
KRP,NYSE
KSM,NYSE
KST,NYSE
KT,NYSE
KTF,NYSE
KW,NYSE
LAC,NYSE
LADR,NYSE
LBRT,NYSE
LC,NYSE
LCI,NYSE
LDF,NYSE
LEE,NYSE
LEJU,NYSE
LEO,NYSE
LFC,NYSE
LFGR,NYSE
LITB,NYSE
LKSD,NYSE
LND,NYSE
LPG,NYSE
LPI,NYSE
LPL,NYSE
LQ,NYSE
LRN,NYSE
LTM,NYSE
LUB,NYSE
LXFR,NYSE
LXP,NYSE
LXU,NYSE
LYG,NYSE
MANU,NYSE
MBI,NYSE
MBT,NYSE
MCA,NYSE
MCC,NYSE
MCI,NYSE
MDLY,NYSE
MDR,NYSE
MFA,NYSE
MFC,NYSE
MFCB,NYSE
MFG,NYSE
MFL,NYSE
MFM,NYSE
MFT,NYSE
MFV,NYSE
MG,NYSE
MGF,NYSE
MHF,NYSE
MHN,NYSE
MIN,NYSE
MITT,NYSE
MIXT,NYSE
MIY,NYSE
MLP,NYSE
MMT,NYSE
MMU,NYSE
MN,NYSE
MNK,NYSE
MNP,NYSE
MNR,NYSE
MODN,NYSE
MOSC,NYSE
MPA,NYSE
MPO,NYSE
MPV,NYSE
MPW,NYSE
MPX,NYSE
MQT,NYSE
MQY,NYSE
MRC,NYSE
MRIN,NYSE
MRO,NYSE
MRT,NYSE
MSD,NYSE
MSF,NYSE
MSL,NYSE
MTG,NYSE
MTL,NYSE
MTR,NYSE
MTU,NYSE
MUA,NYSE
MUC,NYSE
MUH,NYSE
MUJ,NYSE
MUX,NYSE
MVC,NYSE
MVO,NYSE
MVT,NYSE
MWA,NYSE
MX,NYSE
MXE,NYSE
MXF,NYSE
MYC,NYSE
MYD,NYSE
MYE,NYSE
MYF,NYSE
MYI,NYSE
MYJ,NYSE
MYN,NYSE
MYOV,NYSE
NAO,NYSE
NAP,NYSE
NAT,NYSE
NAZ,NYSE
NBR,NYSE
NCA,NYSE
NCI,NYSE
NCS,NYSE
NDRO,NYSE
NE,NYSE
NETS,NYSE
NEWM,NYSE
NGL,NYSE
NGVC,NYSE
NIM,NYSE
NL,NYSE
NLS,NYSE
NLY,NYSE
NM,NYSE
NMFC,NYSE
NMI,NYSE
NMM,NYSE
NMR,NYSE
NMT,NYSE
NMY,NYSE
NNA,NYSE
NNC,NYSE
NNY,NYSE
NOA,NYSE
NOK,NYSE
NOM,NYSE
NOMD,NYSE
NPTN,NYSE
NPV,NYSE
NQ,NYSE
NQP,NYSE
NR,NYSE
NRE,NYSE
NRT,NYSE
NRZ,NYSE
NSH,NYSE
NSM,NYSE
NTC,NYSE
NTP,NYSE
NTX,NYSE
NTZ,NYSE
NUM,NYSE
NUO,NYSE
NUV,NYSE
NVGS,NYSE
NVTA,NYSE
NWHM,NYSE
NWY,NYSE
NX,NYSE
NXC,NYSE
NXN,NYSE
NXP,NYSE
NXQ,NYSE
NXR,NYSE
NYCB,NYSE
NYLD,NYSE
NYLDA,NYSE
NYRT,NYSE
OAKS,NYSE
OAS,NYSE
OBE,NYSE
OCIP,NYSE
OCN,NYSE
OFG,NYSE
OIA,NYSE
OIBRC,NYSE
OII,NYSE
OMAM,NYSE
OMI,NYSE
OMN,NYSE
OMP,NYSE
ONDK,NYSE
OOMA,NYSE
OR,NYSE
ORAN,NYSE
ORC,NYSE
ORN,NYSE
OSG,NYSE
OZM,NYSE
P,NYSE
PAH,NYSE
PAI,NYSE
PAR,NYSE
PAY,NYSE
PBI,NYSE
PBR,NYSE
PBR.A,NYSE
PBT,NYSE
PCF,NYSE
PCM,NYSE
PDM,NYSE
PDS,NYSE
PDT,NYSE
PEI,NYSE
PEO,NYSE
PER,NYSE
PES,NYSE
PFO,NYSE
PGH,NYSE
PGRE,NYSE
PGTI,NYSE
PGX,NYSE
PHH,NYSE
PHK,NYSE
PHX,NYSE
PIM,NYSE
PIR,NYSE
PKD,NYSE
PKE,NYSE
PMM,NYSE
PMO,NYSE
PMT,NYSE
PPDF,NYSE
PPT,NYSE
PQ,NYSE
PQG,NYSE
PRTY,NYSE
PSO,NYSE
PSP,NYSE
PTY,NYSE
PUMP,NYSE
PVG,NYSE
PZE,NYSE
PZN,NYSE
QCP,NYSE
QD,NYSE
QEP,NYSE
QHC,NYSE
QTM,NYSE
QUOT,NYSE
RAD,NYSE
RAS,NYSE
RBS,NYSE
RCS,NYSE
RDC,NYSE
RENN,NYSE
RES,NYSE
RESI,NYSE
RF,NYSE
RFI,NYSE
RFP,NYSE
RGS,NYSE
RIG,NYSE
RLH,NYSE
RMT,NYSE
RNGR,NYSE
ROYT,NYSE
RPAI,NYSE
RPT,NYSE
RRC,NYSE
RRD,NYSE
RRTS,NYSE
RSO,NYSE
RST,NYSE
RUBI,NYSE
RVT,NYSE
RWGE,NYSE
RWT,NYSE
RYB,NYSE
RYI,NYSE
S,NYSE
SA,NYSE
SAFE,NYSE
SAIL,NYSE
SALT,NYSE
SAN,NYSE
SB,NYSE
SBGL,NYSE
SBH,NYSE
SBS,NYSE
SC,NYSE
SCM,NYSE
SCS,NYSE
SCX,NYSE
SD,NYSE
SDLP,NYSE
SDR,NYSE
SDRL,NYSE
SDT,NYSE
SE,NYSE
SEAS,NYSE
SEM,NYSE
SFE,NYSE
SFL,NYSE
SFS,NYSE
SFUN,NYSE
SGF,NYSE
SGU,NYSE
SHO,NYSE
SID,NYSE
SJR,NYSE
SJT,NYSE
SLD,NYSE
SMFG,NYSE
SMHI,NYSE
SMI,NYSE
SMLP,NYSE
SN,NYSE
SNAP,NYSE
SNR,NYSE
SOGO,NYSE
SOI,NYSE
SOL,NYSE
SPE,NYSE
SPLP,NYSE
SPN,NYSE
SQNS,NYSE
SRC,NYSE
SRT,NYSE
SSI,NYSE
SSP,NYSE
SSW,NYSE
STAR,NYSE
STAY,NYSE
STNG,NYSE
STON,NYSE
STWD,NYSE
SUP,NYSE
SVU,NYSE
SWCH,NYSE
SWN,NYSE
SWZ,NYSE
SXC,NYSE
SXCP,NYSE
SXE,NYSE
TAC,NYSE
TAHO,NYSE
TCAP,NYSE
TCS,NYSE
TEF,NYSE
TEVA,NYSE
TG,NYSE
TGH,NYSE
TGNA,NYSE
TGP,NYSE
THC,NYSE
TI,NYSE
TI.A,NYSE
TIER,NYSE
TISI,NYSE
TK,NYSE
TKC,NYSE
TLI,NYSE
TLRA,NYSE
TLYS,NYSE
TMST,NYSE
TNK,NYSE
TNP,NYSE
TOO,NYSE
TPGE,NYSE
TPGH,NYSE
TPH,NYSE
TPRE,NYSE
TPVG,NYSE
TREC,NYSE
TRQ,NYSE
TRTX,NYSE
TSI,NYSE
TSLX,NYSE
TSQ,NYSE
TTI,NYSE
TV,NYSE
TVPT,NYSE
TWI,NYSE
TWO,NYSE
UA,NYSE
UAA,NYSE
UAN,NYSE
UBA,NYSE
UBP,NYSE
UBS,NYSE
UIS,NYSE
UMC,NYSE
UMH,NYSE
USA,NYSE
USAC,NYSE
USDP,NYSE
USO,NYSE
UTI,NYSE
VALE,NYSE
VBF,NYSE
VCV,NYSE
VER,NYSE
VG,NYSE
VGM,NYSE
VHI,NYSE
VICI,NYSE
VIPS,NYSE
VIV,NYSE
VJET,NYSE
VKQ,NYSE
VLRS,NYSE
VLT,NYSE
VLY,NYSE
VMO,NYSE
VNCE,NYSE
VOC,NYSE
VPV,NYSE
VRS,NYSE
VRX,NYSE
VSH,NYSE
VSI,NYSE
VSLR,NYSE
VST,NYSE
VSTO,NYSE
VTN,NYSE
WAAS,NYSE
WAIR,NYSE
WBAI,NYSE
WFT,NYSE
WG,NYSE
WIT,NYSE
WMC,NYSE
WMLP,NYSE
WOW,NYSE
WPG,NYSE
WPM,NYSE
WPX,NYSE
WRD,NYSE
WSR,NYSE
WTI,NYSE
WTTR,NYSE
XHR,NYSE
XIN,NYSE
XON,NYSE
XOXO,NYSE
XRF,NYSE
XRM,NYSE
YEXT,NYSE
YGE,NYSE
ZF,NYSE
ZOES,NYSE
ZTO,NYSE
ZTR,NYSE
ZX,NYSE
ZYME,NYSE
AAU,AMEX
ACY,AMEX
AIRI,AMEX
AKG,AMEX
ALN,AMEX
ALO,AMEX
AMPE,AMEX
AMS,AMEX
APHB,AMEX
APT,AMEX
ASM,AMEX
AST,AMEX
ATNM,AMEX
AUG,AMEX
AUMN,AMEX
AWX,AMEX
AXU,AMEX
BAA,AMEX
BDR,AMEX
BGI,AMEX
BPMX,AMEX
BRG,AMEX
BRN,AMEX
BTG,AMEX
BTN,AMEX
BTX,AMEX
BVX,AMEX
CANF,AMEX
CAW,AMEX
CDOR,AMEX
CEI,AMEX
CEV,AMEX
CH,AMEX
CIK,AMEX
CIX,AMEX
CKX,AMEX
CMCL,AMEX
COHN,AMEX
CPHI,AMEX
CRHM,AMEX
CRMD,AMEX
CRVP,AMEX
CTEK,AMEX
CVM,AMEX
CVRS,AMEX
CVU,AMEX
DGSE,AMEX
DHY,AMEX
DMF,AMEX
DNN,AMEX
DPW,AMEX
DSS,AMEX
DXR,AMEX
ECF,AMEX
EGI,AMEX
ELLO,AMEX
ELMD,AMEX
EMAN,AMEX
EMI,AMEX
EMX,AMEX
ENRJ,AMEX
ENSV,AMEX
EPM,AMEX
ERN,AMEX
ESNC,AMEX
EVJ,AMEX
EVO,AMEX
EVP,AMEX
EVY,AMEX
FAX,AMEX
FCO,AMEX
FRD,AMEX
FSI,AMEX
FSP,AMEX
GBR,AMEX
GDP,AMEX
GLOW,AMEX
GMO,AMEX
GORO,AMEX
GPL,AMEX
GSAT,AMEX
GSB,AMEX
GSS,AMEX
GST,AMEX
GSV,AMEX
GTE,AMEX
GV,AMEX
GVP,AMEX
HCAC,AMEX
HEB,AMEX
HLTH,AMEX
HTM,AMEX
HUSA,AMEX
IBIO,AMEX
IDN,AMEX
IEC,AMEX
IF,AMEX
IGC,AMEX
IHT,AMEX
IMH,AMEX
IMUC,AMEX
INFU,AMEX
INS,AMEX
INTT,AMEX
INUV,AMEX
IOR,AMEX
ISR,AMEX
JOB,AMEX
JRJR,AMEX
KIQ,AMEX
KLDX,AMEX
LBY,AMEX
LEU,AMEX
LEVB,AMEX
LGL,AMEX
LIQT,AMEX
LLEX,AMEX
LODE,AMEX
LTS,AMEX
MAG,AMEX
MCF,AMEX
MHE,AMEX
MHH,AMEX
MICR,AMEX
MJCO,AMEX
MLSS,AMEX
MMV,AMEX
MNI,AMEX
MOC,AMEX
MSN,AMEX
MTNB,AMEX
MVF,AMEX
MXC,AMEX
MYO,AMEX
NAK,AMEX
NAVB,AMEX
NBY,AMEX
NG,AMEX
NGD,AMEX
NHS,AMEX
NNVC,AMEX
NOG,AMEX
NSPR,AMEX
NSU,AMEX
NTIP,AMEX
NTN,AMEX
NXE,AMEX
OCX,AMEX
OGEN,AMEX
ONP,AMEX
ORM,AMEX
PED,AMEX
PFNX,AMEX
PLG,AMEX
PLM,AMEX
PLX,AMEX
PTN,AMEX
PW,AMEX
PZG,AMEX
REED,AMEX
RHE,AMEX
RLGT,AMEX
RNN,AMEX
ROX,AMEX
RVP,AMEX
RWC,AMEX
SACH,AMEX
SAND,AMEX
SDPI,AMEX
SENS,AMEX
SIF,AMEX
SIM,AMEX
SMTS,AMEX
SNMP,AMEX
SRCI,AMEX
SSY,AMEX
SVM,AMEX
SVT,AMEX
SYN,AMEX
TAT,AMEX
TEUM,AMEX
TGB,AMEX
TGC,AMEX
THM,AMEX
TIK,AMEX
TIS,AMEX
TKAT,AMEX
TMQ,AMEX
TPHS,AMEX
TRT,AMEX
TRX,AMEX
TRXC,AMEX
UAMY,AMEX
UEC,AMEX
UFAB,AMEX
UQM,AMEX
URG,AMEX
USAS,AMEX
UUU,AMEX
UUUU,AMEX
UWN,AMEX
VCF,AMEX
VFL,AMEX
VGZ,AMEX
VHC,AMEX
VII,AMEX
VISI,AMEX
VKI,AMEX
VMM,AMEX
VNRX,AMEX
WRN,AMEX
WTT,AMEX
WYY,AMEX
XNY,AMEX
XPL,AMEX
XXII,AMEX
YUMA,AMEX
ZDGE,AMEX
ZOM,AMEX
